{
  "img2txt_r1": 6.446276605129242,
  "img2txt_r5": 17.76120811700821,
  "img2txt_r10": 25.26417076587677,
  "txt2img_r1": 9.302784502506256,
  "txt2img_r5": 22.859470546245575,
  "txt2img_r10": 31.424057483673096,
  "avg_recall": 18.84299467007319
}