{
  "img2txt_r1": 8.29547718167305,
  "img2txt_r5": 21.338632702827454,
  "img2txt_r10": 29.58226203918457,
  "txt2img_r1": 11.796365678310394,
  "txt2img_r5": 27.412107586860657,
  "txt2img_r10": 36.73217296600342,
  "avg_recall": 22.526169692476593
}