{
  "img2txt_r1": 8.552241325378418,
  "img2txt_r5": 21.81266099214554,
  "img2txt_r10": 30.290836095809937,
  "txt2img_r1": 11.769207566976547,
  "txt2img_r5": 28.016984462738037,
  "txt2img_r10": 37.14941740036011,
  "avg_recall": 22.931891307234764
}